Split,N,MAE,RMSE,PearsonR,SNR_dB
Train,11441,0.004418679978698492,0.005655787419527769,0.9974953529899228,37.43050560688829
Val,2299,0.042855825275182724,0.04413221776485443,0.9241909898446926,20.758500076583346
Test,4790,0.05611535161733627,0.06905117630958557,0.8786061256190991,17.123598148339074
