Video,Estimated_BPM
cam_move.mp4,71.11574295256328
dark.mp4,94.84450185375087
face_move.mp4,87.45544459663324
frontal.mp4,54.54572591722527
light.mp4,49.83774287365791
light_face_move.mp4,78.33064686558616
