Video,Estimated_BPM
frontal.mp4,70.58823529411765
face_move.mp4,75.0
cam_move.mp4,73.46938775510205
dark.mp4,64.28571428571428
light.mp4,94.73684210526316
light_face_move.mp4,112.5
