Method,MAE,RMSE,Pearson Correlation,SNR (dB)
POS,31.013380296235177,35.45981138465314,0.08208951320646175,8.523341579376604
GREEN,27.831483000591685,33.593306330991204,0.24534763860125514,8.993014999145753
DeepPhys,38.14298130604076,46.13055861583771,-0.10964887919952594,6.238295729245527
DeepPhysEnhanced,31.877578965265155,35.84210091542387,0.08377992540178775,8.43020083784158
DeepPhysEnhancedReLu,34.82964921437365,39.407286668715436,0.07012980100883875,7.606539339791743
