Method,MAE,RMSE,Pearson Correlation,SNR (dB)
POS,49.033639807446455,54.23535532776551,-0.0243228522564045,6.509098752841704
GREEN,32.93050603351744,45.10591015743258,-0.1543667581785972,8.110079538493096
DeepPhys,29.70993973896274,36.129970065846656,0.17951906692374575,10.037396514274718
DeepPhysEnhanced,44.02967993583298,52.69119983674051,-0.20852920955676482,6.759986788269221
DeepPhysEnhancedReLu,47.73041752042134,54.37205503382415,-0.16306009412848105,6.4872335931174785
