Split,N,MAE,RMSE,PearsonR,SNR_dB
Train,11441,0.007306111976504326,0.007357107475399971,0.9999498714855571,35.146225542865174
Val,2299,0.005274610128253698,0.005293171387165785,0.9998959397680052,39.17929602311811
Test,4790,0.005736604332923889,0.006694188341498375,0.9999634143157807,37.39306137625941
