Method,MAE,RMSE,Pearson Correlation,SNR (dB)
POS,10.07179929529399,12.4338120171053,0.27565759801577505,14.790109413979696
GREEN,9.830477500759926,11.658126097530394,0.17772514653636926,15.34962038720871
DeepPhys,70.06825110226008,75.5163031083826,0.02384947273204263,-0.8786190631357089
DeepPhysEnhanced,13.54333683605242,16.86647075746719,0.14031395996597046,12.141711002647835
DeepPhysEnhancedReLu,23.954041958824813,31.11044856493173,0.2627464523573135,6.824069896102818
