Method,MAE,RMSE,Pearson Correlation,SNR (dB)
POS,17.084635601494085,22.52080780880298,0.08303587765288974,11.313277754646505
GREEN,17.618496156193626,22.74562185303128,0.08657745467988422,11.22700074772986
DeepPhys,59.48878581113207,65.2895105995624,0.11294978008213986,2.068088777633081
DeepPhysEnhanced,21.597225636266607,26.4525811128892,-0.06086414900273054,9.91559594662466
DeepPhysEnhancedReLu,32.05124149760106,39.457009539087,0.2735241561632566,6.442473705256556
