Method,MAE,RMSE,Pearson Correlation,SNR (dB)
POS,20.333306242631696,27.161627981690373,0.1584690543613359,9.098719629558369
GREEN,19.251426443282664,24.864246618516688,0.16454717231603158,9.866329467251642
DeepPhys,54.61873020426199,61.05287566276333,0.12040750351018287,2.063713071016342
DeepPhysEnhanced,21.789953065605765,26.25848825842753,0.2107280546828814,9.392441172528333
DeepPhysEnhancedReLu,25.936127183190134,32.95432927693795,0.2283868733216011,7.419586025497676
