Method,MAE,RMSE,Pearson Correlation,SNR (dB)
POS,13.99986321589332,19.820739623959906,0.29444832804185556,11.869291120354138
GREEN,14.049732348331709,19.99542072298035,0.1453725550684579,11.79307731825453
DeepPhys,54.41741987729602,61.10975926051138,0.07255545925649753,2.0894767923382194
DeepPhysEnhanced,21.335623592269247,27.64569734532733,0.21341946090650352,8.979137264720762
DeepPhysEnhancedReLu,31.441644677150613,38.09993293742951,0.012891180457813472,6.193204024246929
