Method,MAE,RMSE,Pearson Correlation,SNR (dB)
POS,13.860035650655584,21.126925128394596,0.08623348923690916,10.701472096710445
GREEN,5.91417159636414,9.242830335651366,-0.005333385000630083,17.88209833991226
DeepPhys,68.01015033955834,72.98120620963779,-0.11495339036066662,-0.06602277817708666
DeepPhysEnhanced,13.226801177159876,20.411539738535094,0.23841448352889627,11.000682624558348
DeepPhysEnhancedReLu,21.165170007253856,25.52798013053611,0.22279965437858198,9.057868898009566
