Method,MAE,RMSE,Pearson Correlation,SNR (dB)
POS,28.718308729782756,33.60396115932303,-0.01583306339429699,9.001405041405562
GREEN,29.058306943511305,35.23880853288328,0.10247996090587018,8.588790203440631
DeepPhys,39.40083752392688,47.12233874132023,0.04163389005392352,6.064677784701338
DeepPhysEnhanced,24.176980146640233,31.04473862460514,0.14280565630469946,9.689454367960137
DeepPhysEnhancedReLu,26.389597634939765,32.9778168135435,0.07386315805507032,9.164776497851024
